Model,Dataset,Type,Accuracy,Precision,Recall,F1 Score
CNN (CIFAR-10),CIFAR-10,Deep Learning,0.5331,0.5394456650877233,0.5330999999999999,0.5321346406404983
