Model,Accuracy,Precision,Recall,F1 Score
RNN (IMDB),0.599,0.9397590361445783,0.16455696202531644,0.2800718132854578
